name,size
ares.expand.name.for.response,40
bke.lattice.index.flip,27
bli.str.r.strip,13
delete.input,8
dialog.info.update,18
dump.cemd.cmd,9
dump.frame.buffer.formats,25
get.dmf.header,50
get.meta.index,72
get.plane.point,58
gimp.canvas.rectangle.set.property,42
gimp.devices.check.change,25
gimp.eraser.default,31
gimp.filter.tool.set.gyroscope,39
gimp.image.file.get.thumbnail,86
gimp.param.drawable.id.init,35
gimp.selection.tool.class.init,34
gimp.status.bar.progress.canceled,22
gimp.value.set.int32.array,57
gimp.wire.compare,14
gpencil.primitive.modal,3
ico.load.layer,11
imb.stereo3d.read.interlace,15
is.canon,26
layer.get.composite.mode.invoker,63
nla.invert.combine.value,23
palette.poll,4
path.with.native.separators,28
png.do.strip.channel,21
png.get.row.bytes,61
png.get.rows,55
png.get.unknown.chunks,56
png.init.palette.transformations,16
png.read.idat.data,39
pnm.load.raw.pfm,11
pybullet.compute.view.matrix,13
read.subframe,13
render.result.exr.file.end,39
reset.token.stats,18
saturated.cast,3
set.add.faces.points,31
silk.bw.expander.32,6
sqlite3.session.config,14
sqlite3.walk.expr.list,15
stmt.close,2
tiff.current.tile,15
tiff.get.size.proc,70
unpack.texture.blend.func,9
write.tcp.data,25
always.preview,4
animation.box,4
avg.1,11
best.b,10
byte.count,20
compiling.contexts,4
corr.qc,2
default.look,21
dst.saturation,4
element.spec,6
face.index,25
forked.iter,2
identifier.quark,2
idx.u,3
inv.unit.scale,6
is.a.empty,33
label.casefold,12
line.1.grad,15
melanin.ofs,2
nbr.gaps,2
nearest.point,12
need.fallback,2
neighbor.pos,8
new.image.height,22
new.order,17
num.primes,22
num.vec.per.segment,29
num.verts.in.a,40
out.d.g,18
paint.radio,6
param.def,4
progress.out,9
r.hdr,6
raw.nor,7
rcp.len.2,20
rem.f,11
rgb.real,4
root.ptr,6
selection.bounds,6
source.index,28
sz.joint.ranges,4
target.chars,6
text.chopped.2,23
tmp.vec,3
to.xyz,23
txt.alias,2
update.area,9
v.proj.axis,9
wat.id,18
within.vertically,3
worst.score,3
accelerometer.data,20
addr,2
build.time.minor,15
convex.shapes,3
current.median,12
curvatures.height,5
default,20
default.open,27
dest.points,5
destroy.with.parent,20
dispose,1
down.sample,4
echo.path.change,21
esa,1
fine.priority,2
first.type.label,48
frame,10
frame.pixel.coords,13
full.path,15
in.buffer,24
l.b.layer,15
line.index.mask.len,46
mapped.color,10
n.layers,7
n.vector,8
next.func,10
on.connect,10
out.buf,11
out.table,13
overlap,2
own.flags,5
p.global.info.32,16
pass.machine.instructions,5
pi.hash,4
point.index,32
print.t,9
radius,2
rets,1
save.dual.cells,6
secondary.range,4
size.on.first.use,42
speech.in,14
strength,1
table.2.id,36
time.range,10
want.x,14
z.p.i,12
zoom.x.y,19
ambient,2
average.in.bucket.used.slot.count,36
bitmap.data.size,41
bm.log,7
bounding.radius,4
canvas.item,11
char.strings,2
colored.count,15
component.type,35
creds,2
crop.node,12
debug.policy,3
default.instance.void,23
delay.agnostic.enabled,5
depth.cb,5
depth.stencil.as.texture,12
detect.leaks,3
edit.count,16
eglew.android.frame.buffer.target,36
eglew.create.platform.window.surface,17
eglew.khr.stream.fifo,11
enabled.subdevices,3
flag,2
free.cell,4
glew.index.mask,38
glew.render.mode,16
glew.validate.program.pipeline,11
h.wnd,4
height.int,6
img.buffer.original,17
index.data,42
index.to.loc.format,50
is.indirect.result,30
is.partial,26
key.sym,12
layer.mask.source.node,35
link.name,24
m.num.visual.shapes.copied,56
m.post.fix,37
m.remove.user.data.response.args,70
m.shadow.receiver.pass,37
m.sky.box.orientation,38
m.sky.plane.render.queue,45
m.transform.change.args,47
m.vs.out.light.position,47
nav.visible,2
num.axis.events,28
num.body.parts,26
num.cols,22
num.groups,22
num.light,25
num.tess.face.data,43
number.start,18
other.side.x,17
packet.sent,4
pickup,1
pixel.width,8
proof.profile,4
q.tail,3
rc.identity,3
replacement.length,7
rotate.desc,2
samplers,1
selection.width.label,20
session.ticket.key,19
spline.max.len,23
step.no,8
tot.channel,7
tot.elem,3
user.hook.3,6
video.chunk.cb,8
x.dnd.type.list,54
x.origin,14
x.scale,16
ya.bottom,2
zero.plane.res,6
area.info.dialog.t,19
child.location,6
command.t,7
d.obj.points,15
dialog.elements,5
check.writeable,9
get.longitude,47
atn.state,7
generate.rule.bypass.transitions,20
inertial.frame,11
trim.parse.trees,8
bound.port,3
comparison.value,17
added.unicode.smp,4
completion.handler.i.unary.response.client.callback,35
file.descriptor.proto,29
time.spec,10
uuid,1
call.error.extensions,13
cpp.generator.services,7
default.ssl.roots.override,26
deserialization.context,12
main.class,14
mono.p.invoke.callback.attribute,18
num,21
rule.version.attribute,25
server.safe.handle,8
add.bezier.curve,11
add.log.to.stream,41
add.object.index,35
adjusted.gradient,4
all.open.files.string,29
append.sequence,5
argb.subtract.row.c,21
aud.sound.envelope,4
b3.push.profile.timing,7
calc.lut,2
check.gl.support,11
check.sign,9
check.t,12
choose.document,5
clear.active.id,24
compare.inverse.and.forward.dynamics,13
context.url.list,27
convert.to.php.namespace,25
create.duplicate.change.id,29
create.in.indices,23
create.metadata.array,19
create.sub.buffer,19
current.slide,12
curves,1
declare.component,6
dividend.discount.mother,4
do.print.after,15
effective.style,6
emit.address,5
enable.background.opacity,6
enable.materials,4
extract.component,8
fence,1
find.hashable.base.type,38
float,3
follow.component,6
generate.service.descriptor.property,15
get.constant.reference.for.protocol.descriptor,65
get.controller.transform,55
get.default.atlasing.attributes,68
get.diffuse.colour,48
get.jf,47
get.msg.send.super.ty,57
get.red.adjust.2,61
get.related.view.data.row.double,78
get.top.border.size,71
get.working.directory,50
get.xcr.0,49
global.scope,3
grpc.chttp2.mark.stream.writable,14
grpc.json.writer.value.string,35
grpc.sock.addr.make.wildcards,9
handle.if,7
has.composite.op,9
has.view.relative.texture.coordinate.generation,17
in.scc,14
inflation.leg.npv,5
initialize.dual.graph,5
is.generic.type.disambiguating.token,73
is.stdlib.module,31
is.sum.supported,30
is.valid.trailing.closure,30
last.gradient,9
lower.boundary.factor,6
max.draw.buffers,19
maximize.all,8
node.find.output.by.name,45
notify.touch.down,4
of.to.binary,39
optimize.identity.cast.composition,6
presentation.start.from.first,25
process.helper,6
read.element.text.span,26
read.pass,15
read.text.file,45
reapply.filter,6
register.with.volatility.spread,17
remap.nearest.neighbor,7
remove.imported.parent.contexts,14
render.text,15
repress.ref.at.loc,16
resize.linear.open.cv,13
resize.nearest.neighbor,8
rgb.2.rgb565,17
rgbx.2.bgrx,15
sanitize.path,15
save.as.quadratic.png,14
send.serial.config,9
session.config,12
set.custom.uniform.1.f,40
set.destructor.callback,26
set.display.index,46
set.frame.pen,31
set.invert,23
set.layer.texture.name,52
set.tiling,20
setup.bounding.box.vertices,7
sha256.hash,4
shader.data.to.shader.globals,49
status.icon,8
str.array.len,22
stroke.attribute.alpha.get,57
tegra.morph.init,7
tessellate.to.mesh,26
tool.view.position,15
transform.path,19
two.factor.response,13
unload.textures,2
update.mouse.pos,12
v.url.encode,11
verifier.get.mapping,48
visit.sil.argument,6
widget.destroyed,3
with.cms.leg.rule,32
with.market.rate.accuracy,17
with.rate.bound,17
worker.thread.wait,9
world.to.screen,24
write.node.materials,17
x.tilt,14
active.tool.id,27
aead.crypter.seal,3
anchor.name,23
angle.in.radian,16
attrs,2
base.transform,9
best.style,8
bind.matrix,4
binormal.type,31
byte.src,10
cam.rot.z,9
cap.times,3
cb.result,7
cell.cursor,3
ch,1
check.next,15
clang.can.ty,7
clip.dist.bug,4
cms.pricer,3
col.length.left,12
cone.translation,2
control.points,5
coterminal.model,2
cp.1254,2
current.charuco.corners,13
current.sequence,13
depot.message.start,14
drift.term,2
dst.type.1,42
error.mark.type,41
event.0,5
expect.rows,3
extra.inhabitants.mask,17
f.cos,11
f.curve.found,15
f.m.m,72
f.ptr.out,20
fast.load.success,6
feature.iterator,4
field.offset.vector,12
fixed.cam,5
fixed.leg.frequency,7
from.local.aabb.min,16
future.active.doc,8
have.mask,13
img.stub,5
img.type,33
inst.results,3
inv.flight.k.2,17
inverted.direction,2
is.node.a.left.child.leaf,51
is.trained,26
items.per.second,8
joint.start,13
key.events.copy,18
kinects.copy,4
last.token.was.delete.or.default,45
layer.sizes,8
lhs.component,6
line.y,9
link.url,8
lower.tail,4
mapped.labels,5
max.basket,17
max.input.size,41
method.index,34
mod.iface,2
movie.media.handler,9
n.repeats,7
nd.formula,2
new.sil.type,45
next.fragment.expression,10
noise.1,10
num.metadata,24
number.of.joysticks,20
numbering.path,15
obj.proj,4
ori.w,4
overriden.function.it,6
pai.arg,5
passphrase,1
pd.sum,3
platform.string,13
present.scaling,3
prev.num.hooks,27
prev.signal.bar.count,24
prim.type,31
processing.level,3
rectangle.index,25
repl.module,6
request.bytes,9
rt.stream.ptr,10
running.log.average,9
s.tracking.system.name,29
simple.fn.ty,9
sin.rot.w,7
source.ty,10
src.file.info,36
src.start.idx,17
ssl.creds,4
static.rect,3
step.size,25
step.x,17
str.args,10
sub.start,14
supported.style,8
tab.overlap,4
tagged.resources,3
temp.attrs,4
tranched.loss.after,6
transform.unique.id,23
ui.index,24
use.mat.dirs,10
val.size,23
value.x,29
win.error,9
x.2,26
a.pos,10
abs.deadline.n.sec.value,25
all.factors,10
alternative.cache.name,31
ambient.coefficient,3
animations.data,20
array.struct.value,29
b.d.c,31
b.flip.horizontally,10
b.multi.fullscreen,9
bibliography.type,31
block.nr,2
bone.positions,3
bridged.value.fun.arg,24
brush.hatch,2
buf.num,25
built.url,7
byte.array.view,24
c.problem,17
cache.file,32
color.map,19
connection.state,8
current.root,14
d.mat,12
default.auto.entry,23
default.mat.x,36
desktop.size,22
discount.factor,5
do.caps,7
docking.area,4
driver.type.name,53
dst.map.2,27
edit.length,8
end.snapshot,6
eps,2
err.ret,2
existing.symlink,2
f.tolerance,11
folder.names,5
force.direct,2
func,3
gauss.lobatto.eps,4
grouping,1
handle.pos,8
html.file,26
i.var.initializer,8
in,13
index.tensor,24
inner.angle,4
institution,1
int.hex.string,14
is.friend,26
is.v,29
is.vaild,26
key,11
key.frame.2,34
labels,3
len.r,10
light.dim,5
literal.bucket,4
locking,1
max.scale.f,28
min.error,14
mkt.factors,4
n.shininess,7
next.line,12
num.active.contexts,30
num.factors,24
num.files,25
operator.method.decls,15
output.array,15
palette.size,24
parent.field,12
parsing,1
pem.key,12
pen.loaded,4
previous.index,28
previous.initial.value,23
previous.is.valid,32
print.label.flag,18
progressive,1
project.file,27
projects.dir,3
r,4
random.walk,4
rate.pointer,5
read.operation,16
reference.range,8
relative.contrast,3
res.width,8
reserve.fn,3
return.path,17
rot.axis,6
rotation.per.second,8
scene.node.type.name,66
separator.color,9
server.list,13
settings,3
sibling.info,9
size.contents,22
sorted.indices.buf,10
src.gradient,7
start.dirs,13
start.slot,14
start.up.fix.cost,16
subroutine.slot.name,26
suppress.file,25
target,5
tbl.index,24
tick.freq,2
top.dir,5
underlying.fx.correlation,3
undiscounted.amount,2
usage,1
use.shadows.1,15
use.tabs,6
utf8.size,22
validate.on,13
write.root,7
y.in,17
yield.mvs,2
action.view.show.master.pages,21
b.loop,8
breakpoint,1
buffers,3
calibration.phase,2
cat.risk,2
chosen.overrides,2
color.conversion.system,13
core,4
current.scene.node,25
file,24
float.day.counter,5
footnotes.position,5
group.boxes,10
handled.boxes,3
history.action,11
im.out.shape,11
invert.success,6
is.bridged.argument,31
is.return.bridged,31
keep.aspect,3
last.saved.step,11
locations,1
m.annotation,32
m.contact.motion.1,43
m.execute.on.host,44
m.first.render.queue,47
m.gpu.rays,34
m.is.indx.present,59
m.last.changed.location,41
m.line.dash.offset,42
m.paste.mode,39
m.reference,36
m.sbuf,32
m.text.types,42
m.weaver,32
m.window.width,43
m.worker,34
m.zoom.controller,37
max.buffer.size,47
max.file.open,46
max.width,21
max.work.group.size,45
mtx,1
multiple.occurences,3
n.d,15
new.strokes,14
new.y,17
nonce.length,7
num.active.tris,28
number.elementary.vegas,9
odf.symbol.type,32
reduction.indices,6
ref.point.offset.percent,24
replace.text.context,21
resamplers,1
risky.annuity,3
row.limit,5
script.event.action.factories,18
shift.values,6
show.tags,4
sprites,1
stack,1
struct.ty,7
sub.module.name.visibility.pairs,33
then,1
tlv.symbols,2
trade.price,2
unregistered.request.matcher,11
use.atm.spread,8
val.32,5
value.hash,19
variables,1
w.width,9
weights.multipliers,3
whole.regexp,2
z.weight,5
abc.opt,2
accessor.conformance.info,10
address.lowering,5
apply.rewriter,3
ares.dns.resolver,4
array.count.propagation,26
attribute,7
background.parser.private,18
basket.payoff,4
bt.collision.shape,7
bt.deformable.contact.constraint,7
bt.material,4
c.animated.mesh.scene.node,33
c.archive.loader.tar,20
c.at.background.color,30
c.at.font,22
c.at.grayscale,20
c.burning.shader.raster.reference,25
c.d3d9.render.target,27
c.file.read.callback,57
c.http2.connector,18
c.image,20
c.image.writer.jpg,23
c.skinned.mesh,19
camera.data,20
caplet.variance.curve,6
change.scroll,8
clause.matrix,4
clock,1
cmd.output.operation.type,43
code.generator.private,24
color.map,19
combine.paint.mask.to.canvas.buffer.to.paint.buf.alpha,89
comp.mask,14
compiler.item,9
const.parameter.float,10
container.tab.bar,7
contextualize.closures,2
controlled.object,6
controller.value,20
cq.event.queue,7
d.bus.proxy,11
d3d11.unsupported.gpu.program,7
data.access.repository.private,33
declaration.context.private,25
declaration.item,10
define,1
device.handler,6
dispatch.mask.buffer.iterator,28
dispatch.paint.mask,19
dual.con.input.reader,15
dynamic.textured.cube.demo,8
explicit.euler.scheme,3
expression.finder,4
fd.black.scholes.vanilla.engine,7
file.item.delegate,34
file.system.archive,30
fixed.object,8
frame.2,23
generic.emissive.closure,6
geometry.interface,4
gl.config.attribs,8
globals.as.members.table.reader.info,27
glx.configurator,2
hdr.listener,8
heat.vision.listener,8
i.read.file,41
image.manager,7
internal.ffmpeg.register,8
inverse.dynamics.example,6
jnt.array.acc,13
ko.main.window.private,25
ko.path.point.remove.command.private,46
ko.rgb.u8.invert.color.transformation,22
ko.section.end.private,22
ko.shadow.style.private,24
label.action,21
label.drawing.widget,14
layer.parameter,13
layout.data,20
less.dummy.gui.helper,7
light.attenuation.value,21
list.level,12
log.mixed.linear.cubic.interpolation,12
lsm.basis.system,6
lvl.currency,2
mask.components,13
multicubic.spline,3
net.state.rule.default.type.internal,77
new.aggregate.builder.map,31
node.shape,14
null.program,5
op.pool,6
output.delegate.private,18
parse.job.private,19
part.document.private,17
patch.coord.buffer,13
physics.client.example,11
piecewise.constant.abcd.variance,6
point.3,11
pointer.map,13
predicate.wrapper,4
problem.reporter.factory,11
process,3
project.controller.private,19
qr.detect,3
quad,1
quote,1
read.bitstream,13
reconstruct.update.callback,13
record.header,5
refutable.pattern.initialization,4
rest.client,9
risky.bond,3
rolling.friction.demo,5
rs.compute.operation,8
rs.stencil.operation,8
setting.manager,3
simple.pressure,3
sk.editor.consumer,4
stochastic.process,4
temp.comp.mask,16
temperature.cauchy.1.d,20
template.preview.icon.data,26
tile.parameter.default.type.internal,63
timelapser,1
to.string.walker,34
tree.element,5
tuple.lvalue.emitter,3
user.2.internal.index,44
value,16
vanilla.forward.payoff,7
vertex.position,5
video.capture.dshow,4
voronoi.fracture.demo,5
warning.failure.exception,15
write.context,15
wsdls.solver,2
add.ordered.list,19
add.unicode.script.codes.to.names,40
after.channel,9
append.python.style.escaped.code.point,26
apply.margin.insets,4
assign.lexer.token.types,20
biggest.constructor,2
binary.search.bytes,13
build.group.query,17
build.lexer.rule.actions,26
check.not.interface,14
check.not.local,14
class.annotations,15
deep.stub,3
delete,3
determine.strictness,3
do.forward,9
do.install.status,15
do.login.entry,9
dump.core.map.to.string.builder,57
dynamic.table.index,32
expand.headers.from.request,15
extract.raw.type.of,51
find.source.subdir,9
format.display.name,29
from.byte.buffers,15
get.actual.values,53
get.artificial.op.prec.rule,68
get.binary.side,53
get.commit.id,64
get.completed,47
get.default.install.state,75
get.display.path,64
get.error.listeners,56
get.failure.timestamp,52
get.id.for.name,90
get.initial.window.size,75
get.item.type.descriptor,88
get.leftmost.descendant,48
get.max.shingle.diff,63
get.number.of.transitions,67
get.operations.reads,48
get.phrase.1,56
get.pid.no.exceptions,52
get.raw.arguments,54
is.blocked.by.shutdown,33
init.for.group,18
is.android,32
is.conscrypt.preferred,27
is.dependency.changed,28
keep.readability.only.on.descendants,14
make.html.table,10
mark.as.fetching,8
match.by.ip,7
matches.any.parent.categories,11
metadata.snapshot,5
new.exchange,15
next.unassigned,8
null.passed.to.verify.no.more.interactions,33
nulls.ok,3
object.with.to.string,50
on.group.call.key.sent,34
on.implies,10
order.with,16
parent.pairs,9
parse.attribute.def,15
parse.expires,7
parse.max.age,23
push.reset.later,6
read.response,21
read.white.space,16
report.no.setter.found,8
require.client.auth,11
reset.meta.class.cache,26
run.methods,6
send.string,14
set.canonical.mention.begin,25
set.extra.interfaces,26
set.project.naming.strategy,26
simulate.gc,2
skip.whitespace.and.commas,7
speaker,1
split.argument.list,14
start.matched.count.dec,27
strip.left.recursion,9
target.started,8
throw.provision.exception.if.errors.exist,19
training.examples,3
uncompress.if.needed,6
url.from.json,15
validate.class.rules,19
validate.public.static.void.methods,11
verification.started,10
with.charset,13
with.web.socket.upgrade,18
wrap.if.not.thread.safe,14
actual.suffix,4
adding,1
all.action.roots,19
all.invocation.matchers,12
all.open.indices,19
avg.map,13
base.category,6
best.node,14
cache.body.unbuffered,11
cache.entity,9
child.categories,6
client.certificates,9
cmd.lines,6
code.exception.message,19
compare.fields.by.name,32
copy.item,11
curr.thread.exception,15
current.open.shards,19
d.inf,10
default.blocked.item.comparator,33
dependencies.st,3
end.of.input,21
enum.count,15
equals.builder,8
equals.offset,7
executors,1
expected.string,13
extra.interfaces,7
factory.class,20
filter.spec,8
finished.normally,2
first.space,10
followup,1
format.ok,5
free.positions,4
generated.token.on.creation,27
id.mention,20
idp.configuration,2
implicit.group.key,20
in.cache,21
indexes.of.suspicious.args,19
interface.bounds,6
jar.url.connection,10
key.begin,13
left.sisters.buffer,17
loaded.mentions.count,17
logger.name.parts,27
max.age.seconds.long,21
merged.type,31
method.handles,12
minimized.random.fa,4
missing.classes,2
mock.method,17
mx.bean,5
network.security.policy,4
new.rule.text,37
new.warning.header.size,39
next.search,11
non.greedy.states.builder,11
num.states,23
one.document,5
open.class.tags,21
order.with,16
parts.size,24
previous.stream.id,28
provider.code,8
raw.extra.interfaces,13
received.token.signature,18
recorded.matchers.size,24
reduced.json,4
requested.plugins,2
rounded.bounds,4
rtm.session,8
rules.of.new.chain,30
score.pos.prev,12
sentence.list,11
set.prev.ctx.action,36
size.guess,22
size.per.span,28
status.file,30
stream.headers,8
thread.array.size,36
token.data,33
token.store.typed.data,37
token.type.s,46
tune.treebank,3
utc.timestamp.ms,6
v.tok,5
value.count.string,41
var.args,7
vary.fields,3
verification.over.time,15
wait.until,3
wrapper.class,15
x.distance,14
accepting.tasks,2
alt.name,25
app.id,18
arg.mismatch.stubbings,7
array.class,23
assigns,1
auth.result,6
backprop.training,3
breaker.consumer,3
build.context,18
call.id,21
cause.matcher,6
child.statement,6
classfile.buffer,12
cmd.str,10
code.point.to,38
concrete.follower.indices,7
content.type.string,44
current.invocation,14
current.prefix,14
data.point.method,39
default.role,22
dep.h,4
encoded.values,6
env.name,24
excess.workload,2
file.channel,29
final.response,10
flags.classifier.pair,7
from.server,9
get.protocol.method,60
group.role.attribute,17
highlighter,1
http2.error.code,17
i.ar.e,7
id.a,22
import.g,3
inbound,1
ios,1
label.op,16
label.pair,13
labels.file,27
learned.lop.expert.weights.2.d,27
led.color,9
lp.binary.path.name,42
max.intermediate.cas,17
max.requests.per.host,24
media.chunk.index,29
method.name.prefixes,34
min.fresh,8
min.fresh.seconds,10
mock.creation.settings,12
named.writeables,2
new.field.type,48
new.files,17
new.verification.mode,27
nullable.class,13
num.keys,22
number.str,12
ordered.invocations,3
original.set,22
outer.rule,16
packet.sample.count,18
parameter.assignment,7
parent.had.big.change,15
polling.log,7
pre.map,12
promises,1
pronoun,1
property.interval.set,29
put.watch.request,7
query.timeout.in.ms,19
question.ast,2
reader.flags,10
referee.set.map,31
refresh.metric,4
remote.cluster.names,6
resume,1
retain.function,5
runner.factory,11
search.profile.results,9
set.protocol.method,33
status.file,30
super.method,13
supplier.class,13
tex.id,18
the.invocation,4
timeout.task,4
times.to.append.last.matcher,38
token.within.action,26
typed.array,13
waiting.list,11
will.return.last.parameter,16
word.lemma.tag,3
wrapped.verification,9
z.probs,5
action.to.index.map,66
active.copies,7
actual.count,17
add.bias.to.embedding,31
address.type.ipv4,35
all.stubbings,9
alt.label.ctxs,15
atom,1
attribute.decls,9
b.is.playing,33
bean.configs,4
befores,1
buckets.path.field,20
build.timestamp,10
bytes.received,6
caching.mock.bytecode.generator,13
certificate.chain.cleaner,4
client,8
client.number,15
codes,2
context.length,17
cookie.jar,3
current.filename,12
default.answer,21
default.factory,28
default.flags,24
development,1
dynamic.table.byte.count,29
embedded.version,4
empty.directory,6
encoded.path.segments,17
exception.channels,11
extract.events,7
f.context.length,27
f.matcher,15
feed.adapter,2
filtered.children,2
fingerprint.dialog,5
gen.subj,2
get.source.name,73
id.lumninance.min,24
idle.delay,3
in.order.wrapped.verification.mode,33
index.prefix.with.template,40
inet.socket.address,8
initialization.error,10
inner.alpha,5
invalid,3
invalid.host,6
invalid.state.number,16
is.first.capital,33
is.first.frame,42
key.password.profiles,13
label.regex,12
language.to.rules.files,30
latency.arg,5
logger,2
m.count.activities,46
m.fbo.height,36
m.is.worker.done,60
m.preview.started,37
m.resources,33
manifest.file.prefix,28
matcher.builder,11
min.font.size,30
mock.ref,15
module.finder,7
more,2
move.rbt.surgeon,3
name.container,24
next.giphy.search.offset,17
num.outs,22
on.item.long.click.listener,26
ongoing.call.notification,6
op.code.continuation,13
original.mocking.details,7
other.data.len.bits,28
parent,7
parser.errors,5
pref.font,4
prev.property,13
previous.caption,6
print.features.up.to,30
raw.arguments,8
reference.index.meta.datas,32
refresh.interval.in.millis,19
returned.value,17
returns.self,3
rule.options,17
run.dist.cmd.prop,12
runner.override,5
runtime.mx.bean,6
selected.account,2
session.factory,15
skip.vetoes,3
sort.field.data.type,55
st.lib,3
state.to.grammar.region.map,42
statement,2
stubbing.lookup.listeners,5
tcp.slave.agent.listener.lock,12
total.merge.throttled.time,11
type.test.rule,46
type.window.update,42
unknown.username,3
unrestricted,1
validator.strategies,4
verification.strategy,10
weak.ref.lost,11
abstract.build.execution,9
action.translator,11
alt.and.context.config.equality.comparator,26
android.byte.buddy.mock.maker,21
arabic.segmenter,3
base.loader.callback,12
basic.replication.request,7
binary.rule,20
bucket.collector,4
build.wrapper,10
cache.strategy,11
cached.region.tracker,4
category.filter.factory,15
cbor.x.content,17
chapter.toc.frame,12
chinese.treebank.parser.params,9
cipher.suite,4
class.loaders,13
cluster.update.settings.response,20
configure.timeouts,2
content.path,17
context.token.list.indexed.getter.decl,39
crf.non.linear.log.conditional.objective.function,18
default.injection.engine,23
default.mocking.details,24
disk.lru.cache,11
dot.generator,6
dvb.subtitle.reader,8
env.vars.slave.info.display.name,39
executor,1
expected.exception,12
file.operator,26
file.path.filter,43
formatted.text,10
generic.type.extractor,35
get.home.directory,50
get.total.disk.space,53
group.by.context,24
h.pack,4
handshake.mode,8
http1.exchange.codec,4
icy.decoder,2
install.uncaught.exception.handler,19
internal,5
jflex.dummy.lexer,6
key.status,17
lease,1
left.recursive.rule.function,25
local.ref,12
maps,1
max.core,19
media.chunk.iterator,9
mention.detection.evaluator,5
minimum.supported.version,7
mock.creation.validator,12
mockito.assertion.error,10
module.handler,10
mp4.extractor,4
mp4.input,7
mpeg.audio.reader,8
multiple.failure.exception,15
multipolygon,1
oauth.session,9
oauth.session.factory,17
of.android.life.cycle.helper,24
of.android.object,24
of.android.sound.player,22
of.android.window,25
of.orientation.listener,20
parallel.computer,2
parameter.signature,8
patterns.annotations,4
post.file,28
post.script.document,12
print.events,9
publish.response,10
remoting.diagnostics,2
resolved.failed.exception,12
response.handlers,10
returns.empty.values,9
rule.member.validator,19
rule.property.ref.ctx,34
rule.property.ref.start,43
run.after.params,11
run.before.params,8
runner.scheduler,4
scroll.id.for.node,35
segmenter.core.annotations,9
sei.reader,7
serialized.form,2
shift.reduce.train.options,6
single.period.timeline,3
sinh,1
slack.client,9
store,2
strictness.selector,3
stubbing.comparator,5
su.time,8
suite.method,14
suite.method.builder,20
task.impl,3
temporary.folder,3
text.paint.view,21
time.signal.command,12
token.property.ref,31
token.property.ref.channel,36
token.type.decl,46
top.ngram.record,6
transport.shard.refresh.action,15
tree.post.script.generator,15
tsurgeon.parse.exception,17
value.label,27
verification.mode.factory,22
web.socket.listener,11
workspace.file.mask,37
